id,fid,h_id,a_id,date,league_id,season,h_goals,a_goals,team_h,team_a,h_xg,a_xg,h_w,h_d,h_l,league,h_shot,a_shot,h_shotOnTarget,a_shotOnTarget,h_deep,a_deep,h_ppda,a_ppda
81,958431,89,82,08/08/2015 15:45,1,2015,1,0,Manchester United,Tottenham,0.627539,0.6746,0.2859,0.3905,0.3236,EPL,9,9,1,4,4,10,13.8261,8.2188
82,958427,73,71,08/08/2015 18:00,1,2015,0,1,Bournemouth,Aston Villa,0.876106,0.782253,0.3435,0.3607,0.2958,EPL,11,7,2,3,11,2,6.9,11.8462
83,958429,72,90,08/08/2015 18:00,1,2015,2,2,Everton,Watford,0.604226,0.557892,0.2988,0.4337,0.2675,EPL,10,11,5,5,5,4,6.65,17.1579
84,958430,75,77,08/08/2015 18:00,1,2015,4,2,Leicester,Sunderland,2.56803,1.45946,0.6422,0.2057,0.1521,EPL,19,11,8,5,5,6,10.88,9.5556
85,958433,79,78,08/08/2015 18:00,1,2015,1,3,Norwich,Crystal Palace,1.13076,2.10975,0.1461,0.2159,0.638,EPL,17,11,6,7,5,10,5.7368,10.625
86,958428,80,84,08/08/2015 20:30,1,2015,2,2,Chelsea,Swansea,0.64396,2.59203,0.0304,0.0924,0.8772,EPL,11,17,3,10,10,5,10.3636,8.8333
87,958432,86,74,09/08/2015 16:30,1,2015,2,2,Newcastle United,Southampton,1.54613,1.2529,0.4386,0.3165,0.2449,EPL,9,14,4,4,3,5,12.7222,7
88,958426,83,81,09/08/2015 16:30,1,2015,0,2,Arsenal,West Ham,1.33166,0.535961,0.5751,0.2826,0.1423,EPL,22,8,6,4,11,0,8.1667,12.4545
89,958434,85,87,09/08/2015 19:00,1,2015,0,1,Stoke,Liverpool,0.381274,0.329873,0.2482,0.5454,0.2064,EPL,7,8,1,3,2,5,11.913,9.3462
90,958435,76,88,10/08/2015 23:00,1,2015,0,3,West Bromwich Albion,Manchester City,0.435238,1.9242,0.0615,0.1698,0.7687,EPL,9,20,2,7,4,8,23.2941,8.087
91,958472,71,89,14/08/2015 22:45,1,2015,0,1,Aston Villa,Manchester United,0.219118,0.660404,0.1056,0.4653,0.4291,EPL,5,9,1,2,3,5,10.0333,9.5
92,958476,74,72,15/08/2015 15:45,1,2015,0,3,Southampton,Everton,1.06214,1.39628,0.2536,0.2845,0.4619,EPL,17,10,4,4,10,5,8.8261,15.8125
93,958477,77,79,15/08/2015 18:00,1,2015,1,3,Sunderland,Norwich,0.329128,1.71686,0.051,0.1845,0.7645,EPL,6,18,2,6,2,6,10.1818,10.6667
94,958478,84,86,15/08/2015 18:00,1,2015,2,0,Swansea,Newcastle United,1.97424,0.113109,0.9165,0.0772,0.0063,EPL,19,4,6,2,4,0,6.2353,34.3333
95,958479,82,85,15/08/2015 18:00,1,2015,2,2,Tottenham,Stoke,1.70614,2.80956,0.1614,0.1925,0.6461,EPL,13,15,7,7,1,5,10.125,11.6071
96,958480,90,76,15/08/2015 18:00,1,2015,0,0,Watford,West Bromwich Albion,0.760848,0.684036,0.3286,0.3819,0.2895,EPL,16,6,5,0,3,4,5.9524,11.5
97,958481,81,75,15/08/2015 18:00,1,2015,1,2,West Ham,Leicester,0.513491,1.80939,0.0482,0.171,0.7808,EPL,10,10,3,5,10,5,6.375,15.0455
98,958473,78,83,16/08/2015 16:30,1,2015,1,2,Crystal Palace,Arsenal,0.964134,2.05542,0.1303,0.2113,0.6584,EPL,11,20,4,7,5,15,11.7083,6.9655
99,958475,88,80,16/08/2015 19:00,1,2015,3,0,Manchester City,Chelsea,2.18579,0.482423,0.8142,0.1391,0.0467,EPL,18,10,8,3,15,6,5.7273,6.6207
100,958474,87,73,17/08/2015 23:00,1,2015,1,0,Liverpool,Bournemouth,2.15062,0.460805,0.8133,0.1411,0.0456,EPL,18,13,2,2,9,6,6.4138,10
101,959737,89,86,22/08/2015 15:45,1,2015,0,0,Manchester United,Newcastle United,1.2491,0.4384,0.5889,0.292,0.1191,EPL,20,7,8,0,12,1,4.7097,18.4375
102,959741,79,85,22/08/2015 18:00,1,2015,1,1,Norwich,Stoke,3.14888,0.698228,0.9013,0.074,0.0247,EPL,20,6,7,1,4,2,9.6333,10.9286
103,959745,77,84,22/08/2015 18:00,1,2015,1,1,Sunderland,Swansea,0.569426,1.56064,0.1219,0.2431,0.635,EPL,10,20,2,9,2,4,10.1034,8.5789
104,959725,78,71,22/08/2015 18:00,1,2015,2,1,Crystal Palace,Aston Villa,1.23807,0.765278,0.4747,0.3079,0.2174,EPL,16,11,6,2,9,6,8.1667,8.4762
105,959733,75,82,22/08/2015 18:00,1,2015,1,1,Leicester,Tottenham,0.829012,1.89437,0.1213,0.2191,0.6596,EPL,13,19,2,6,5,5,15.5789,4.9474
106,959754,81,73,22/08/2015 18:00,1,2015,3,4,West Ham,Bournemouth,1.50203,2.8554,0.1041,0.1757,0.7202,EPL,10,15,4,7,3,7,9.9091,10.7222
107,959751,76,80,23/08/2015 16:30,1,2015,2,3,West Bromwich Albion,Chelsea,1.42622,2.02778,0.2216,0.2612,0.5172,EPL,15,15,6,5,4,8,14.8235,17.5
108,959729,72,88,23/08/2015 19:00,1,2015,0,2,Everton,Manchester City,0.579338,1.57983,0.1063,0.2405,0.6532,EPL,10,16,1,9,3,9,19.25,9.36
109,959748,90,74,23/08/2015 19:00,1,2015,0,0,Watford,Southampton,1.17588,0.68359,0.5229,0.3118,0.1653,EPL,13,14,0,5,2,2,9.0455,7.4074
110,959721,83,87,24/08/2015 23:00,1,2015,0,0,Arsenal,Liverpool,1.83755,1.29206,0.5114,0.2628,0.2258,EPL,19,15,5,8,14,9,5.6154,10.4286
111,959768,86,83,29/08/2015 15:45,1,2015,0,1,Newcastle United,Arsenal,0.0319694,2.33948,0.002,0.0632,0.9348,EPL,1,22,0,9,0,15,21.8235,5.5357
112,959771,85,76,29/08/2015 18:00,1,2015,0,1,Stoke,West Bromwich Albion,1.21771,0.881194,0.4729,0.3248,0.2023,EPL,13,15,5,5,2,8,23.8889,8.9677
113,959757,71,77,29/08/2015 18:00,1,2015,2,2,Aston Villa,Sunderland,2.27406,0.368848,0.8747,0.1005,0.0248,EPL,21,7,6,3,12,3,8.6364,7.35
114,959760,73,75,29/08/2015 18:00,1,2015,1,1,Bournemouth,Leicester,0.321432,0.919097,0.0747,0.3278,0.5975,EPL,5,4,2,2,4,6,7.05,5.1667
115,959762,80,78,29/08/2015 18:00,1,2015,1,2,Chelsea,Crystal Palace,1.27906,2.19283,0.1779,0.217,0.6051,EPL,26,13,9,5,10,8,8.2,18.5
116,959764,87,81,29/08/2015 18:00,1,2015,0,3,Liverpool,West Ham,0.561737,0.97217,0.1978,0.3352,0.467,EPL,13,12,1,5,12,1,5.9655,12.0909
117,959766,88,90,29/08/2015 18:00,1,2015,2,0,Manchester City,Watford,1.52895,0.363603,0.7074,0.2257,0.0669,EPL,18,7,5,0,9,1,10.1429,20.4444
118,959773,82,72,29/08/2015 20:30,1,2015,0,0,Tottenham,Everton,1.99917,0.694692,0.7143,0.1943,0.0914,EPL,20,8,6,3,11,6,7.4375,18.5385
119,959770,74,79,30/08/2015 16:30,1,2015,3,0,Southampton,Norwich,2.85501,0.639434,0.9129,0.0777,0.0094,EPL,23,6,8,1,2,2,10.3333,25.5833
120,959772,84,89,30/08/2015 19:00,1,2015,2,1,Swansea,Manchester United,0.971183,1.28089,0.2526,0.3113,0.4361,EPL,9,11,4,4,3,9,15.1739,6.8966
121,959776,72,80,12/09/2015 15:45,1,2015,3,1,Everton,Chelsea,1.18026,0.656048,0.5186,0.2999,0.1815,EPL,14,15,9,2,4,7,15.0476,7.6154
122,959774,83,85,12/09/2015 18:00,1,2015,2,0,Arsenal,Stoke,4.42684,0.191277,0.9918,0.0075,0.0007,EPL,29,8,12,3,20,2,6.76,15.9048
123,959775,78,88,12/09/2015 18:00,1,2015,0,1,Crystal Palace,Manchester City,0.743193,3.08883,0.0179,0.0647,0.9174,EPL,10,21,2,7,2,8,8.625,8.5833
124,959781,90,84,12/09/2015 18:00,1,2015,1,0,Watford,Swansea,1.57333,0.503008,0.684,0.2293,0.0867,EPL,17,8,6,3,3,8,11.2593,6.7
125,959782,76,74,12/09/2015 18:00,1,2015,0,0,West Bromwich Albion,Southampton,0.409143,1.00731,0.1387,0.3427,0.5186,EPL,8,15,1,4,5,7,20.4118,8.5556
126,959779,79,73,12/09/2015 18:00,1,2015,3,1,Norwich,Bournemouth,1.33151,0.389495,0.6567,0.2549,0.0884,EPL,12,7,4,2,7,3,9.9615,11.6316
127,959778,89,87,12/09/2015 20:30,1,2015,3,1,Manchester United,Liverpool,1.46206,1.02572,0.4919,0.318,0.1901,EPL,9,8,3,4,4,5,9.7778,14.4762
128,959780,77,82,13/09/2015 16:30,1,2015,0,1,Sunderland,Tottenham,1.0407,1.45615,0.2401,0.2976,0.4623,EPL,12,15,2,4,4,12,12.0556,5.1724
129,959777,75,71,13/09/2015 19:00,1,2015,3,2,Leicester,Aston Villa,1.34987,0.953181,0.455,0.3004,0.2446,EPL,21,11,6,4,11,5,7.1515,8.4091
130,959783,81,86,14/09/2015 23:00,1,2015,2,0,West Ham,Newcastle United,1.71282,0.716599,0.6555,0.233,0.1115,EPL,17,14,3,4,4,4,11.72,8.2222
131,959786,80,83,19/09/2015 15:45,1,2015,2,0,Chelsea,Arsenal,2.0687,0.775312,0.7235,0.1909,0.0856,EPL,22,9,6,2,14,5,6.0938,13.1818
132,959789,86,90,19/09/2015 18:00,1,2015,1,2,Newcastle United,Watford,1.15114,1.33961,0.2928,0.3012,0.406,EPL,15,13,5,4,7,10,9.4444,7.5946
133,959784,71,76,19/09/2015 18:00,1,2015,0,1,Aston Villa,West Bromwich Albion,0.876719,0.632761,0.3959,0.3707,0.2334,EPL,13,11,3,6,5,2,6.12,8.4138
134,959785,73,77,19/09/2015 18:00,1,2015,2,0,Bournemouth,Sunderland,0.644335,0.854867,0.2375,0.3629,0.3996,EPL,15,9,5,2,7,2,8.5185,9.2692
135,959791,85,75,19/09/2015 18:00,1,2015,2,2,Stoke,Leicester,1.14717,1.22582,0.3009,0.3324,0.3667,EPL,11,12,4,5,2,3,6.9565,6
136,959792,84,72,19/09/2015 18:00,1,2015,0,0,Swansea,Everton,0.864868,1.77458,0.1553,0.2346,0.6101,EPL,12,17,3,2,4,12,8.5769,9
137,959788,88,81,19/09/2015 20:30,1,2015,1,2,Manchester City,West Ham,2.98465,0.995273,0.8408,0.1177,0.0415,EPL,27,6,8,3,15,3,3.6667,23.7692
138,959793,82,78,20/09/2015 16:30,1,2015,1,0,Tottenham,Crystal Palace,1.01573,0.538439,0.4732,0.3412,0.1856,EPL,21,12,6,4,10,5,5.1765,10.1739
139,959790,74,89,20/09/2015 19:00,1,2015,2,3,Southampton,Manchester United,1.83663,1.65119,0.4195,0.2506,0.3299,EPL,15,10,8,3,7,4,17.45,12.2353
140,959787,87,79,20/09/2015 19:00,1,2015,1,1,Liverpool,Norwich,1.90447,0.556271,0.7195,0.1996,0.0809,EPL,23,7,7,2,12,3,8.8636,15.1905
141,959800,82,88,26/09/2015 15:45,1,2015,4,1,Tottenham,Manchester City,2.30799,1.57842,0.5584,0.2208,0.2208,EPL,15,22,8,8,3,17,5.2895,10.9
142,959798,74,84,26/09/2015 18:00,1,2015,3,1,Southampton,Swansea,1.55418,1.41962,0.3655,0.3128,0.3217,EPL,17,11,6,4,10,4,11.7037,11.1111
143,959799,85,73,26/09/2015 18:00,1,2015,2,1,Stoke,Bournemouth,1.94483,0.871678,0.6734,0.2181,0.1085,EPL,8,12,5,6,3,8,10.4286,9.95
144,959794,75,83,26/09/2015 18:00,1,2015,2,5,Leicester,Arsenal,1.38516,3.89623,0.0518,0.0888,0.8594,EPL,16,27,7,12,8,17,10.3333,6.7727
145,959795,87,71,26/09/2015 18:00,1,2015,3,2,Liverpool,Aston Villa,1.78331,0.892054,0.5951,0.2444,0.1605,EPL,21,10,12,4,11,2,7.4138,26.4167
146,959796,89,77,26/09/2015 18:00,1,2015,3,0,Manchester United,Sunderland,2.8971,0.832139,0.8918,0.0905,0.0177,EPL,12,9,7,4,6,1,6.4286,22
147,959803,81,79,26/09/2015 18:00,1,2015,2,2,West Ham,Norwich,2.60407,1.38603,0.6699,0.1845,0.1456,EPL,19,16,7,7,9,3,9,6.7308
148,959797,86,80,26/09/2015 20:30,1,2015,2,2,Newcastle United,Chelsea,0.702109,1.30593,0.1859,0.291,0.5231,EPL,11,16,5,4,2,8,11.125,4.2
149,959801,90,78,27/09/2015 19:00,1,2015,0,1,Watford,Crystal Palace,0.685939,2.33566,0.0569,0.1435,0.7996,EPL,15,16,2,3,9,2,9.625,8.7727
150,959802,76,72,28/09/2015 23:00,1,2015,2,3,West Bromwich Albion,Everton,1.27511,2.30159,0.1438,0.2157,0.6405,EPL,9,12,4,4,6,5,11,9.6
151,959808,78,76,03/10/2015 15:45,1,2015,2,0,Crystal Palace,West Bromwich Albion,1.99083,0.255528,0.8739,0.1063,0.0198,EPL,21,7,8,2,3,1,4.2,10.5238
152,959805,71,85,03/10/2015 18:00,1,2015,0,1,Aston Villa,Stoke,0.839028,1.03499,0.2754,0.3399,0.3847,EPL,13,12,2,5,7,3,7.6333,8.3226
153,959806,73,90,03/10/2015 18:00,1,2015,1,1,Bournemouth,Watford,1.50268,0.913291,0.5344,0.2944,0.1712,EPL,12,11,6,2,1,3,11.9444,9.8846
154,959810,88,86,03/10/2015 18:00,1,2015,6,1,Manchester City,Newcastle United,3.3346,0.980279,0.8752,0.0868,0.038,EPL,23,6,11,4,14,3,5.4848,22.5455
